email,count
gmail.com,1551
conservation.org,1056
sdsc.edu,430
teamnetwork.org,321
hotmail.com,221
hp.com,211
No domain,107
yahoo.com,98
wur.nl,91
wcs.org,86
ucsd.edu,78
yahoo.com.br,66
imperial.ac.uk,64
mtu.edu,62
muse.it,48
si.edu,48
psu.edu,41
life.bio.sunysb.edu,39
une.edu.au,30
wcsip.org,29
tvglobo.com.br,28
oeb.harvard.edu,27
umich.edu,26
unep-wcmc.org,26
eri.ucsb.edu,24
duke.edu,23
invalid,22
itfc.org,21
nceas.ucsb.edu,19
zoo.ox.ac.uk,18
vanderbilt.edu,18
mail.mcgill.ca,17
leeds.ac.uk,17
rice.edu,16
nau.edu,16
jpl.nasa.gov,16
stanford.edu,16
berkeley.edu,15
bren.ucsb.edu,15
nottingham.ac.uk,15
geovalor.com,14
nature-spy.co.uk,14
rc.unesp.br,13
gmx.net,10
museu-goeldi.br,9
ushahidi.com,9
le.ac.uk,9
ouce.ox.ac.uk,9
purdue.edu,9
vt.edu,9
uea.ac.uk,8
ots.ac.cr,8
greenpeace-magazin.de,8
csupomona.edu,7
ucla.edu,7
uga.edu,6
bijagual.org,6
terra.com.br,6
my.fit.edu,6
me.com,6
princeton.edu,5
gmx.de,5
yahoo.com.ar,5
cam.ac.uk,5
ucdavis.edu,5
umd.edu,5
outlook.com,4
student.anglia.ac.uk,4
tamu.edu,4
kcl.ac.uk,4
yahoo.es,4
utsa.edu,4
exeter.ac.uk,4
linkedin.com,4
wunderground.com,3
lifesci.ucsb.edu,3
yahoo.co.jp,3
highstead.net,3
bytespin.com,3
club-internet.fr,3
st-andrews.ac.uk,3
pheasant.org.uk,3
yale.edu,3
uottawa.ca,3
mobot.org,3
nmsu.edu,3
sloth.ots.ac.cr,3
jekyllisland.com,3
tpg.com.au,3
googlemail.com,3
email.arizona.edu,3
seas.upenn.edu,2
wwfus.org,2
drisperu.org,2
emory.edu,2
cox.net,2
st-hildas.ox.ac.uk,2
msx.umsl.edu,2
livingplanet.org.uk,2
yahoo.fr,2
lesley.edu,2
alumni.brown.edu,2
cs.ucdavis.edu,2
uno.edu,2
ou.edu,2
seznam.cz,1
amnh.org,1
smithtown.k12.ny.us,1
esri.com,1
yahoo.co.uk,1
ib.usp.br,1
uni-graz.at,1
clarku.edu,1
csumb.edu,1
gamf.kefo.hu,1
sandiegozoo.org,1
panthera.org,1
yahoo.it,1
biotropicos.org.br,1
bdsjs.com,1
ioz.ac.uk,1
msi.ucsb.edu,1
inpa.gov.br,1
okstate.edu,1
calu.edu,1
ufz.de,1
fastmail.fm,1
klohn.com,1
globo.com,1
student.reading.ac.uk,1
u.northwestern.edu,1
uni-bonn.de,1
conservacao.org,1
uwa.edu.au,1
cens.ucla.edu,1
navegante.com.sv,1
puce.edu.ec,1
snm.ku.dk,1
asu.edu,1
