1,siteadmin
2,moreland
3,chandras
4,baru
5,klin
346,LSilva
347,ENSSilva
348,ASSilva
350,LDias
351,PFRRibeiro
352,PRSilva
353,SKetelhut
354,FBarbosa
355,EFegraus
356,ACSoares
358,SSAlmeida
359,bnsepulcri
360,JHurtado
361,LBustos
362,CDOliveira
363,CVargas
364,AYHarada
365,MMolina
366,ARibeiro
367,LScoss
368,VSHounsell
369,ELima
370,WSpironello
371,WOveral
372,IGViera
373,JVilar
374,AQuaresma
375,SAndelman
376,JAhumada
377,lveiga
378,CKuebler
380,RColwell
381,SRibeiro
382,GHurtado
383,AArruda
384,JLongino
385,AOMFilho
386,DMonteiro
387,PGonçalves
388,EGurgel
389,JAlvarado
390,MCohn-Haft
391,DAlvarez
392,dbclark
393,ERSantos
394,ELeal
395,IGAmaral
396,EOliveira
397,MDNunes
399,WUrena
400,AHirsch
401,MCascante
402,KMora
403,CAndretti
404,MSPereira
405,HBrandão
406,ACLCosta
407,RValente
408,IAraujo
409,JSSJ
410,AOliveira
411,DOliveira
412,MThales
413,cyano
414,LCampos
415,ABastos
417,VRosario
418,TCosta
419,FCorrales
420,DClark2
421,MMatsumura
422,QGarcia
423,IAmaral
424,LBede
425,JHewson
426,EAshkenazi
427,BEnquist
428,EKalko
429,RDefries
430,JDempewolf
431,viswanat
433,kate
434,cyoun
435,amemon
436,acano
437,unwin
439,teamuser
440,JArtavia
441,IDerveld
442,JIzursa
443,FLuizao
444,HMacCallum
445,JMeijer
446,MPandal
447,TSposito
448,TLovejoy
449,KBawa
450,JColford
451,JCollins
452,ADobson
453,MJones
454,SNaeem
455,TRoot
456,MStiassny
457,MWillig
458,ELosos
460,DAgra
461,AAleixo
462,JLins
463,LLopes
464,mmartins
465,BPortela
466,RSampaio
467,MSilva
471,wikiuser
472,tmetzker
473,jordinola
474,SChandra
475,saclimatechange
477,SsSilvia
478,tedy
479,gandhiv
480,enrique.bio.usp
481,bdrakenstein
482,first
486,Mason
487,sitemanager
488,dpanitz
489,pmarquet
490,smarais
491,gfmidgley
492,russwise
493,aspriggs
494,dlmaitre
497,gvmalt
498,jmass22
499,altintas
501,Renato
502,rrsilva
503,Líviamaciellopes
505,mrayner
506,schild
507,cavender
508,ophillips
509,tobrien
511,nandayani
512,nwinarni
513,dsheil
517,rtschombe
519,rwallace
523,mhedemark
524,drumiz
525,ptefler
527,cpereira
528,aburbano
529,amcneilage
530,mvanheist
533,ebrown
535,lpainter
539,challam
540,hthomas
542,eolmedo
543,gpatterson
544,technician1
545,technician2
546,technician3
547,technician4
548,aseimon
549,jivelasquezt
550,carolinauseche
551,pwright
552,frovero
553,jgoldman
554,j.hawes
556,Erika
557,achurchill
558,kgajapersad
559,ergatdula
560,alexiscerezo
561,ehsan
562,csoto666
563,metcalfe
564,aaparicio
565,sdesouza
566,kmkross
570,fredraab
571,ebarth
572,ebarth87
573,PedroMarques
574,mauriciomaia
575,thassan
576,Laurindo
577,Sharmila
578,pboundja
579,pfoster
582,galapagos86
583,Cida
584,meyner
585,age
586,zacca_butterfly
587,sandre
588,dedipermadi
589,glenna
591,jgblake
595,firdaus
596,jginsberg
598,bgerber
600,daniel.munari
602,maurobio
603,Flávia
604,barsony
605,barsony1
608,datauser
609,suet30
610,mugerwa
612,samueljaxon
613,robfatland
614,edueler
615,fabien
616,emartin
617,David.Neill
618,omontiel
619,Deedra
620,andrewmoquin09@gmail.com
621,Selbobble
622,aggrimm
623,jamalkime
624,atjonsiefat
625,Marcelo_reguerin
626,tsno
627,efegrausIII
628,mderfuss
629,labelson
630,John.C.Craig
631,saatchi
632,shubbell
633,ajoyce
634,mateo
635,karintuxen
636,sdunagan
637,Lary.Eichel
638,alswanson
639,forrestmelton
640,DJDurand
641,michiu
642,ahLGraham
643,Nalini
644,Rolandisimo
645,michele50
646,Sengphet
647,Aenith
648,AnnetteTSF
649,mrowcliffe
650,Ting
651,thonla
652,fongsaly
653,Viengkhone
654,Sombat
655,andrianarimisa
656,JanSchipper
657,mjmuir
658,jsoberon
659,mastermigue
661,kimfisher
662,jpalmer@wcs.org
663,naveenkrmahato
666,mtbong
667,alex674
668,tbreuer
669,mhockemba
670,copepa
671,eelenga
672,vebame
673,defries
674,ericapril
675,SJScherr
676,bpfisher
677,rebbieharawa
678,jbarnes
679,mhonzak
680,monikazurek
681,ellenm
682,tbuppert
683,Lopa
684,abassy
685,c.silverman
686,carlo.soto
687,jca504
688,dlcarr
689,SharonCKL
690,kalapurka
692,ktabor
693,robersalom
694,achasan
695,rnijbroek
696,jclaude
697,apallos
698,auther11
699,vicon628
700,Patrick
701,gfcn
702,fsanger
703,myrmoteras
704,muprado
705,Mbokopo
706,jfallas56
707,marcelagml
708,leaoufra
709,Guilherme
710,Fábio
711,pchaverri
712,amcwilliam
713,jgelbard
714,bjmtei
715,jacobita
716,jmaccarthy
717,mckerrow
718,romolo
719,Marco
720,jsale
721,jmryan
722,jaguarbarva
723,dstover
724,JaneBraxtonLittle
725,lkelly24x
726,Reynaldo
727,ldcuba
728,theos
729,gino-m
730,heatherluca
731,AndyDobson
732,mrcasta
733,zaslavsk
734,Harison
735,Leandro
736,arojo
737,rvasquez
738,palvarez
739,fsantos
740,cpenz
741,maryeblair
742,94
743,jiwatling
744,cianciaruso
745,85
746,mcottle
747,15
748,csoto
749,cfaresin
750,dkenfack
751,glander
752,coleburton
753,niyg
754,kevin_walker
755,psjarrin
756,emiller_squishymedia
757,fmsdias
758,RodrigoSallesdeCarvalho
759,Simon.Willcock
760,krishna
761,pennygardner
762,Dominique
763,Johny
764,jasonhon
765,testteamno
766,kericson2
767,hmarkley
768,JOJO666
769,mvelonabson
770,eileenlarney
772,tapirus
773,arandrianarijaona
774,arazafitsiafajato
775,fratalata
776,andriatahina
777,jramanantsoa
778,drandrianarisata
779,Ricardo
780,Aida
781,Rick
782,Trev
783,Sainge
784,Christine
785,Dzamir
786,Carlos
787,Valencia
788,joeltole
789,parfaitbak
790,PBaiao
791,leimgruberp
792,auisso
793,sshinyambala
794,alroos
795,Ebua
796,cjensen
797,Yawannah
798,jonathanloh
799,kmclean
800,jhviers
801,komrade
802,Hanmacg
803,tessonilo
804,tickets
805,valerio
806,jacopo.grilli
807,mrosa
808,marcelocr
809,trey.lord
810,aleixo
811,Julia
812,Ninon
813,rhyan30
814,jferrer
815,rodolfo.vasquez
816,STANGA
817,emrahcoban
818,amoredjo
819,lwinowiecki
821,Shahfiz
822,Rauf
823,Khairul
824,Ahmad
825,Helmi
826,capadilla
827,dolasso
828,ftilya
829,jrferrer
830,1984justine
831,jdinge
832,diegovarela
833,lionheart
834,ehsanmoqanaki
849,hhawkins
850,chris.birkinshaw
851,Isau1
852,Nohemi1
853,Fortu
854,jinha
855,Dattaraja
856,parroyo71
857,S_Altena
858,Yorick
859,ablank
860,Tania
861,Helene
862,MariaPires
863,Rolando
864,Salomon
865,Matteo
866,epinto
867,Bangsi
868,Nasako
869,Motia
870,Hillary
871,Lazarus
872,Mambo
873,Dinse
874,Ekole
875,Frederick
876,Sylvie
877,George
878,Atanga
879,Benizar
880,davidalanmorgan
881,hcarlos
882,bblonder
883,hrandrianasolo
884,Nohemi
885,RoselineRemans
886,pkydes
887,jimborbs
888,PPetty
889,segriffin
890,mikedundas
891,ali7739
892,wmarch
893,mickk
894,molnar.o
895,fmgeek
896,battwoman
897,Garlandbelll
898,jester1
899,trobe
900,aimarm771
901,Flaubert
902,fftrez
903,mcpalmieri
904,asdf
905,bosque
906,kuehl
907,rachaelcooke
908,muppett333
909,babicolores
910,jjwalsh
911,tganesh
912,jantacli
913,jimenarosinante
914,corte
915,ccaryh
916,prabinpaudel
917,szabodar
918,babaluto
919,natitaed
920,kolowskij
921,longa
922,RJTimmins
923,JulianaTinoco
924,matt.gili
925,Ingrid1
926,Miguel1
927,Antonio
928,pel_daniel
929,elcoacervado
930,herbertstorm
931,magicwerner8xk6
932,Kumanya
933,azadeh
934,encima
935,Sandy
936,G_Pickavance
937,Netopolis
938,kschwatz74
939,alistair_seddon
940,HansterSteege
941,msomers
942,ferryslik
943,rgranadosp
944,kkaya
945,aetovarm
946,Agaba
947,Alfricho
948,primateandpredatorproject
949,sam.williams
950,Osalarve
951,yenniferhernandez
952,CARITO
953,tellegen
954,RLeite
955,lioo
956,ngweno
957,KenOchieng
958,semra
959,benswanepoel
960,Sarah_Crabbe
961,Fundi
962,nazli
963,Michel92
964,edilson
965,ashenkin
966,Oritteropus
967,kyleccav
968,stephengosnell
969,cindyrella
970,sdavis
971,lvferreira
974,Matt_Grainger
977,Rowan
978,nicolemichel
979,jbwest
980,AgungNugroho
981,Dari
982,whaldener
983,Hbanda
984,Jkrimbo
985,rgoedoe
986,luke_woodford
987,aaronmk
988,lester
989,celfes
990,africker
991,cmrobins
992,yosshi1215jp
993,peggylubchenco
994,Silke24
995,ekalies
996,Helen
997,David
998,Cristina
999,Kelly
1000,Els
1001,StephanUFZ
1002,winsento27
1003,ricofischer
1004,rbergamini
1005,dcleal
1006,guillaumepages
1007,Benjamin.greene
1008,marcos.carlucci
1009,morimoto
1010,Khanal
1011,aaron.iemma
1012,naikoaa
1013,ryoohki
1014,Svanderhoek
1015,ghenebry
1016,jdmuss
1017,ed.zwart
1018,zamnizar
1019,Radrp
1020,Nohemi2
1021,lauradown
1022,jsebastiantello
1023,kyledexter
1024,xiao
1025,tedfeldpausch
1026,manjaro
1027,Arlyne Johnson
1029,oeneedham
1030,paigefifi
1031,AlbanNM
1032,Juliana_Stropp
1033,gmccabe
1034,isabelapc
1035,DNLee5
1036,c.czarnecki
1037,Pericoton
1038,marzbr
1039,felipe gast
1040,merciezn
1041,yhoj
1042,joeytalbot
1043,jayeggert
1044,mariadrianzen
1045,muadrianzen
1046,gesneria
1047,palace
1048,francysreymer
1049,lfarnedo
1050,fi213
1051,jjankow2
1052,willer_hp
1053,Paul
1054,pwennekes
1055,Chantal
1056,zamri
1057,zamri ahmad
1058,jimmy
1059,jugomez
1060,sungho
1061,xhtldk2
1062,spatialtembo
1063,rascas06
1064,Suresh
1065,janschit
1068,alngutte
1070,sdavies
1071,arosenberg
1072,pjackson
1073,jrobinson
1074,Arthome
1078,CHABANNE
1079,brian.folt
1082,Diego
1084,Foley
1086,kbubnicki
1087,garciac
1091,Stuart J. Davies
1133,geotrb
1135,wjn99wjn
1137,mluskin
1139,garawad
1141,Gisele
1145,wilcas
5382,Ayako
5383,bbermingham
5385,anwar.meraj
5386,meraj_coolmail
5387,CarmenVazquez
5388,contractor
5389,falcofemoralis
5390,cgupfing
5391,harschm
5392,Zinta Zommers
5393,wduckworth
5394,Suzanna
5395,mhaikarainen
5396,amibio
5397,morikana
5398,naiara
5399,duncanwt
5400,Hugo
5401,carlo
5402,jguy
5403,karishmaapai
5406,siiks
5407,Bertoncelloag
5408,Renato Cintra
5409,NDuplaix
5410,ellenmonster
5411,sarabarbour
5412,Remynio
5413,syjudson
5414,rachelanne
5415,sstump
5416,zabormaki
5417,gmvrsas
5419,khogg
5420,smooja
5421,wunderground
5422,Kevin_C_Lee
5423,paulm
5426,dbergvinson
5427,manuel.mendez
5428,manuelmendez
5429,Marion
5431,dankd
5432,sriha
5433,__Henry__Nguyen
5435,kchristian
5436,edchacon
5437,Mtobler
5438,luci.kirkpatrick
5440,hodgens
5441,npauli
5443,gaetan
5444,Clarissa
5445,Pieter
5446,Clenham
5447,piseth
5448,bboyle
5449,Xingfeng
5450,syoga
5451,aretotar
5452,syoung
5453,Nico
5454,jorgemenezes
5455,neilt
5456,Kinley Gyeltshen
5457,micah_murunga
5459,SamanthaHill
5460,mgasti
5462,stef
5463,COASST
5464,shahidkcr
5465,Guilherme Ferreira
5466,carlosdelarosa
5467,cengjingbanxia
5469,Ernesto
5471,jwestlake
5472,amay0483
5473,gjc36
5475,thedeimian
5476,lwithey
5477,anupam
5478,Iserrano
5479,Nhuanca
5480,aleksr
5481,Ellove777
5482,feeley
5483,danass
5484,BBorg
5487,BethPlatt
5488,whobbs
5489,amonteagudo
5490,vchama
5491,yhuillca
5492,cflores
5493,yhuillca1
5494,jnieto
5495,jkapeshi
5496,skiteni
5500,nranc
5501,HenryGN
5502,Unioppisk
5503,xiana
5504,Vanessa Luna
5505,denasa56
5506,newcomesly4
5507,Sarah
5508,naikoa
5509,laoqundehu
5510,Lilian
5512,l45ip11o
5513,halfdressn9
5514,bigaro
5515,de90j26jb
5516,Ada
5517,davidtibbetts
5518,greendinesh
5519,Jugalio
5520,Jairo
5521,beveoshbt
5522,orozkoa
5523,essieali5256
5524,dbmetcalfe
5525,thom3z008
5526,doering
5529,geetha.manjunath
5530,pdfreeq66
5531,emeijaard
5532,Stephen Woodley
5533,aquesada03
5534,Sarah1991
5535,chir64sb
5536,Stefano Anile
5537,cbm1831
5538,alyson
5539,da46j26ad
5540,gfalzon2
5541,torrigilli
5542,UAokay14
5543,peutty0d
5544,Himachis
5545,krcabrer
5546,Aminudin
5547,jmeruseys
5548,krgorton
5549,xonus
5550,carrieseltzer
5551,azvoleff
5552,Xaysompheng
5553,Liamzed
5554,julicy931
5555,ahanes
5556,Dulce
5557,compose
5558,serphawk
5559,Leroy_Gonsalves
5560,Anbumani S
5561,ratalata
5562,rkowens
5563,epasche
5564,stan malone
5565,saabood
5566,du93j28ot
5567,gayle166
5568,xiaotingxu
5569,biabaker
5570,iramjohn
5571,mnphan
5572,auwlover00
5573,alsoto
5574,amenta
5575,Mark.branson
5576,verissimo
5577,torppa
5578,lmnverissimo
5579,Maxim
5580,kerryflote
5581,smartmart
5582,pingu1998
5583,feyabe
5584,a fish
5585,insteadinc
5586,chourious
5587,PyroMike_au
5588,Mark Exton
5589,kristinj2468
5590,jucapacha
5591,petrus
5592,Genus Animaus
5593,marshall
5594,mmelendez
5595,anglid
5596,Helicops58
5597,fegaratos
5598,djhocking
5599,Yu-Huang
5600,pavlodam
5601,holasek
5602,Nimm2
5603,ewcstr
5604,Leni
5605,silvijua
5606,JCusack
5607,MichaelGraves
5608,essiokdanb
5609,irae
5610,kirschd
5611,amogh24
5612,TEAM member
5613,raguvyas
5614,vaibhaw
5615,skystar.tri
5616,rohithharikiran
5617,Farruqh
5618,Teodora
5619,joaonetocear
5620,Junglejim
5621,efaison
5622,eweeks
5623,lupan59
5624,Mateus.DaFre
5625,karenjeffers
5626,lancemtf
5627,nvisser
5628,rhonda
5629,Sue Caldwell
5630,Mukira
5631,ErinKuprewicz
5632,Drajs
5633,benjamen.prager
5634,chojnowski
5635,markab
5636,lancefvn
5637,david sologuren
5638,Elad.Shtilerman
5639,efrat
5640,Kabir Peay
5641,testteampublic
5642,testteamnm
5643,kasdfodju8x
5644,fayecarma
5645,maxime.rejou
5646,liviabaerbositis
5647,sateeshks
5648,irfried
5649,DAYPE
5650,nadiaeasl
5651,dloubser
5652,oxyhar
5653,Araya-Salas-CR
5654,ricovalle
5655,billiejun
5656,laurabowling7
5657,qbschanel
5658,daniel319
5659,GabrielaLopez
5660,Jaideep
5661,raper
5662,rubensieg
5663,elizabeth
5664,fyqalfonz
5665,berthand
5666,robbybrit
5667,waltereav
5668,maeholley
5669,desmondov
5670,forrest79
5671,xaviervqv
5672,hannahber
5673,jermaineg
5674,salvatore
5675,hyeghmann
5676,natika
5677,lorraineo
5678,debsfcgmm
5679,elisabeth
5680,VANESSA
5681,jwilson6
5683,sangameshb@yahoo.com
5687,mnyiratuza
5696,franklinm
5700,deweywrqc
5701,berniecer
5704,tristanbi
5705,tylerdarn
5709,crodríguez83
5714,nelly38z
5720,titusbarr
5721,eulayance
5724,gabrielaifimov
5727,ernestlib
5728,mamietrac
5729,hollyprui
5730,ieshapati
5732,ahimsa
5733,bono07
5734,claudeir.vargas@gmail.com
5740,alissamsn
5750,mdesamp
5752,maurineke
5753,laraculle
5755,jimzniqnb
5758,brittneyp
5759,sean_bay
5760,mrityunjaya
5761,christint
5765,greenpeace-magazin
5766,JennyPie
5767,raoyama
5768,raoyama15
5769,jumcnama
5770,jahian
5771,dmartins
5772,RANDRILALAO
5773,MAHOLY
5774,Jay Wan
5775,drupal
5776,testteamsm
5777,ivonne
5778,teogrossman
5779,javier75
5780,sgouros
5781,Willy Pineda
5782,mariakumar3
5783,lcandia
5784,anildev
5785,lcsimons
5786,xaisavanh
5787,Alexavante
5788,alexandrecurcino
5789,sumeeran
5790,rossanor
5791,varimena
5792,neil
5793,msyfert
5794,aksa
5795,eton
5796,TSutton
5797,rimjhim
5798,rimjhimch
5799,Daniel THOMAS
5800,jvet
5801,Marcferozi
5802,Daan Smit
5803,Lorena
5804,SarahWhitmee
5805,mgaletti
5806,raman
5807,lloyd
5808,davidzakeri
5809,andrmune
5810,Phil Shaw
5811,Omar
5812,sbecker
5813,jehrlich
5814,vu3int
5815,percylopez
5820,gabrielanunez
5821,chrismihealsick
5822,rrose
5823,johns.chris.a
5824,arsnake
5825,aahuanari
5826,percyeduardo
5827,abelmtui
5828,jwadey
5829,annaroashan
5830,Roxyrvp
5831,Vwortel
5832,lauterbur
5833,Mplayfair
5834,Suzana Maria Ketelhut
5835,sebastian.botero
5836,wagnon
5837,Neahga
5838,pprado
5839,sheoran
5840,apdrager
5841,emma.grocutt
5842,lucydablin
5843,TaiwoARU
5844,emsgillespie
5845,Jen Zoologist
5846,mejirusi
5847,as1042
5848,mjb_aru
5849,SM1506
5850,j.bobovikova
5851,szwicker
5852,RoryGalway
5853,juncabrera
5854,Cdevenish
5855,vondownum@gmail.com
5856,DiegoJB
5857,neccna
5858,Kevindrouinleger
5859,RJMoraza
5860,tR
5861,oliveiraml
5862,macurlew
5863,dovjstekel
5865,maluspj
5866,rashmi.nagaraju
5867,lauralauralaura
5868,Nicolas_Deere
5869,ww75
5870,PatchipulusuRajaPraveenKumar
5871,JennaMessick
5872,SophiePatel
5873,Naraiana Loureiro Benone
5874,nahomi
5875,gabi_frm
5876,citeam
5877,citeam_sme
5878,citeam_admin
5879,csdambros
5880,axeljobe
5881,junioserique
5882,emma lu
5883,samuelvaldes
5884,misskrism
5885,prasun
5886,Amit
5887,Darthaayush
5888,UCSDAmazonia
5889,nakati
5890,mahantesh77
5891,mahantesh
5892,nakati_mb
5893,eichberg
5894,ritabianchi
5895,manish
5896,manish1
5897,sastry
5898,RimjhimC
5899,sabatterman
5900,Cat Earnshaw
5901,mariannenoordijk1990
5902,dujwal
5903,IJGE
5904,jmalumbresolarte
5905,lsaenz
5906,lbeaudrot
5907,Sangamesh
5908,marni.lafleur
5909,edwardalanwebb
5910,ToddTeam
5911,csir-johannesburg
5912,nhanq
5913,benjdrummond
5914,jatullis
5915,testing_you_can_delete
5916,LIBALAH
5917,carlos_mogollon
5918,Nirva Singh
5919,Tpoka
5920,NatureSpy
5921,Cfloresn
5922,cyoung
5923,claudio
5924,dauz
5925,fnaranjo
5926,CTFS
5927,bettylyn mantell
5928,AGChiarello
5929,Dan1
5930,daniell
5931,lviana
5932,jmpope
5933,Lina
5934,TONISOA
5935,Nick.Pruijn
5936,varunswamy
5937,mark.hebblewhite
5938,Helena Aguiar
5939,javierfajnolla
5940,jaideep.singh.iit@gmail.com
5941,sam
5942,rabesonpascal
5943,130285
5944,kessar
5945,ymoore
5946,Everton Cristo de Almeida
5947,Trevor
5948,c.h.w.chang
5949,Alain
5950,cindymeliza
5951,espirito-santo
5952,Umuhoza Therese
5953,d7647940013
5954,niltonfarias
5955,Raisa Roeplal
5956,derfus
5957,Edwin S. Doming
5958,pjdf
5959,rnarayanan
5960,Santiago
5961,arrigonelson
5962,anna.deasey
5963,Dayse_Ferreira
5964,dni.lpz
5965,codyschank
5966,mkambol
5967,Julia Cheng
5968,Shibing Zhu
5969,jorcabes
5970,Mauricio
5971,jamael
5972,vmaire24
5973,erikagon
5974,dennohodhis
5975,Mandrews4321
5976,lisa.davenport
5977,anjali.kumar
5978,bniemann
5979,spainter
5980,IsabelVillalba
5981,ibalsemhof
5982,kingsimmons
5983,jordan.sinclair
5984,mattadori
5985,ckayijamahe
5986,harrygm
5987,amarshall
5988,astaras
5989,roimaor
5990,rdejesuscrespo
5991,glui
5992,veluvertica
5993,taniapdx
5994,jgbrad02
5995,deschuyter
5996,mariellamotta
5997,Jorge Ruiz
5998,Pushpendra
5999,gambito2000
6000,pumps9550
6001,arambarakh
6002,rheingantz
6003,mberria
6004,nac
6005,EbenBroadbent
6006,aramharakh
6007,ratal
6008,scottofthescience
6009,AndresPaez
6010,bodacea
6011,sebastian
6012,auremoser
6013,Gustavo Londono
6014,bastiaan
6015,bjbabbel
6016,chandola
6017,disouuza
6018,kechoe
6019,allenmcao
6020,ethanhsu
6021,RosalieChen
6022,lobnaallam
6023,alec.wall
6024,lgenerales
6025,Mayra Nacimba
6026,chenyux9
6027,srj1990
6028,xzhou
6029,nalakagee
6030,jocelynyi
6031,jnvusk
6032,moanand
6035,phanngocminh
6036,devika.narain
6037,gaiaspatial
6038,lumingb
6039,uzbheustra
6040,dnl40563
6041,Eta21
